{
  "n00_n01": [
    12.9716,
    77.5971
  ],
  "n01_n02": [
    12.9716,
    77.60210000000001
  ],
  "n02_n03": [
    12.9716,
    77.6071
  ],
  "n03_n04": [
    12.9716,
    77.6121
  ],
  "n10_n11": [
    12.976600000000001,
    77.5971
  ],
  "n11_n12": [
    12.976600000000001,
    77.60210000000001
  ],
  "n12_n13": [
    12.976600000000001,
    77.6071
  ],
  "n13_n14": [
    12.976600000000001,
    77.6121
  ],
  "n20_n21": [
    12.9816,
    77.5971
  ],
  "n21_n22": [
    12.9816,
    77.60210000000001
  ],
  "n22_n23": [
    12.9816,
    77.6071
  ],
  "n23_n24": [
    12.9816,
    77.6121
  ],
  "n30_n31": [
    12.986600000000001,
    77.5971
  ],
  "n31_n32": [
    12.986600000000001,
    77.60210000000001
  ],
  "n32_n33": [
    12.986600000000001,
    77.6071
  ],
  "n33_n34": [
    12.986600000000001,
    77.6121
  ],
  "n40_n41": [
    12.9916,
    77.5971
  ],
  "n41_n42": [
    12.9916,
    77.60210000000001
  ],
  "n42_n43": [
    12.9916,
    77.6071
  ],
  "n43_n44": [
    12.9916,
    77.6121
  ],
  "n01_n00": [
    12.9716,
    77.5971
  ],
  "n02_n01": [
    12.9716,
    77.60210000000001
  ],
  "n03_n02": [
    12.9716,
    77.6071
  ],
  "n04_n03": [
    12.9716,
    77.6121
  ],
  "n11_n10": [
    12.976600000000001,
    77.5971
  ],
  "n12_n11": [
    12.976600000000001,
    77.60210000000001
  ],
  "n13_n12": [
    12.976600000000001,
    77.6071
  ],
  "n14_n13": [
    12.976600000000001,
    77.6121
  ],
  "n21_n20": [
    12.9816,
    77.5971
  ],
  "n22_n21": [
    12.9816,
    77.60210000000001
  ],
  "n23_n22": [
    12.9816,
    77.6071
  ],
  "n24_n23": [
    12.9816,
    77.6121
  ],
  "n31_n30": [
    12.986600000000001,
    77.5971
  ],
  "n32_n31": [
    12.986600000000001,
    77.60210000000001
  ],
  "n33_n32": [
    12.986600000000001,
    77.6071
  ],
  "n34_n33": [
    12.986600000000001,
    77.6121
  ],
  "n41_n40": [
    12.9916,
    77.5971
  ],
  "n42_n41": [
    12.9916,
    77.60210000000001
  ],
  "n43_n42": [
    12.9916,
    77.6071
  ],
  "n44_n43": [
    12.9916,
    77.6121
  ],
  "n00_n10": [
    12.9741,
    77.5946
  ],
  "n10_n20": [
    12.9791,
    77.5946
  ],
  "n20_n30": [
    12.984100000000002,
    77.5946
  ],
  "n30_n40": [
    12.9891,
    77.5946
  ],
  "n01_n11": [
    12.9741,
    77.5996
  ],
  "n11_n21": [
    12.9791,
    77.5996
  ],
  "n21_n31": [
    12.984100000000002,
    77.5996
  ],
  "n31_n41": [
    12.9891,
    77.5996
  ],
  "n02_n12": [
    12.9741,
    77.6046
  ],
  "n12_n22": [
    12.9791,
    77.6046
  ],
  "n22_n32": [
    12.984100000000002,
    77.6046
  ],
  "n32_n42": [
    12.9891,
    77.6046
  ],
  "n03_n13": [
    12.9741,
    77.6096
  ],
  "n13_n23": [
    12.9791,
    77.6096
  ],
  "n23_n33": [
    12.984100000000002,
    77.6096
  ],
  "n33_n43": [
    12.9891,
    77.6096
  ],
  "n04_n14": [
    12.9741,
    77.6146
  ],
  "n14_n24": [
    12.9791,
    77.6146
  ],
  "n24_n34": [
    12.984100000000002,
    77.6146
  ],
  "n34_n44": [
    12.9891,
    77.6146
  ],
  "n10_n00": [
    12.9741,
    77.5946
  ],
  "n20_n10": [
    12.9791,
    77.5946
  ],
  "n30_n20": [
    12.984100000000002,
    77.5946
  ],
  "n40_n30": [
    12.9891,
    77.5946
  ],
  "n11_n01": [
    12.9741,
    77.5996
  ],
  "n21_n11": [
    12.9791,
    77.5996
  ],
  "n31_n21": [
    12.984100000000002,
    77.5996
  ],
  "n41_n31": [
    12.9891,
    77.5996
  ],
  "n12_n02": [
    12.9741,
    77.6046
  ],
  "n22_n12": [
    12.9791,
    77.6046
  ],
  "n32_n22": [
    12.984100000000002,
    77.6046
  ],
  "n42_n32": [
    12.9891,
    77.6046
  ],
  "n13_n03": [
    12.9741,
    77.6096
  ],
  "n23_n13": [
    12.9791,
    77.6096
  ],
  "n33_n23": [
    12.984100000000002,
    77.6096
  ],
  "n43_n33": [
    12.9891,
    77.6096
  ],
  "n14_n04": [
    12.9741,
    77.6146
  ],
  "n24_n14": [
    12.9791,
    77.6146
  ],
  "n34_n24": [
    12.984100000000002,
    77.6146
  ],
  "n44_n34": [
    12.9891,
    77.6146
  ]
}